<?xml version="1.0" encoding="UTF-8"?>
<project-private xmlns="http://www.netbeans.org/ns/project-private/1">
    <editor-bookmarks xmlns="http://www.netbeans.org/ns/editor-bookmarks/2" lastBookmarkId="1">
        <file>
            <url>src/stock/StockData.java</url>
            <bookmark id="1">
                <name/>
                <line>120</line>
                <key/>
            </bookmark>
        </file>
    </editor-bookmarks>
    <open-files xmlns="http://www.netbeans.org/ns/projectui-open-files/2">
        <group>
            <file>file:/F:/University/Yr%202/System%20Development%20Project/CW2/CourseworkCode/src/stock/Master.java</file>
            <file>file:/F:/University/Yr%202/System%20Development%20Project/CW2/CourseworkCode/src/stock/ExistingButtons.java</file>
        </group>
    </open-files>
</project-private>
